view_idx,n_objects,azimuth_mean,azimuth_std,azimuth_min,azimuth_max,elevation_mean,elevation_std,distance_mean,distance_std
0,180,174.4788,106.5586,0.7394,359.2035,27.1920,1.4343,0.7886,0.0859
1,180,170.5571,96.3144,1.3828,357.7013,27.3942,1.4633,0.7919,0.0892
2,180,180.5829,101.8343,3.5319,358.3496,27.5817,1.3366,0.7890,0.0806
3,180,182.6392,106.1058,0.7868,358.0315,27.3316,1.4857,0.7878,0.0832
4,180,187.0928,103.3441,1.3594,359.4393,27.5932,1.5026,0.7990,0.0897
5,180,184.0510,99.4132,7.2686,359.2159,27.4148,1.4881,0.8124,0.0796
6,180,182.1665,104.7681,0.4386,358.6681,27.7011,1.4350,0.7939,0.0847
7,180,189.6623,104.1254,1.6197,359.1122,27.3871,1.3637,0.8025,0.0904
8,180,168.0856,99.3048,6.5914,359.4054,27.4029,1.4928,0.8104,0.0848
9,180,169.1362,106.3768,1.0473,357.5281,27.3572,1.4815,0.8096,0.0796
