view_idx,n_objects,azimuth_mean,azimuth_std,azimuth_min,azimuth_max,elevation_mean,elevation_std,distance_mean,distance_std
0,100,171.4225,110.4377,4.3334,355.1819,27.1113,1.3801,0.7871,0.0811
1,100,171.0126,97.1079,25.7889,348.0554,27.2882,1.4989,0.7928,0.0929
2,100,166.8889,97.6214,3.5319,345.7120,27.4699,1.3537,0.7799,0.0783
3,100,170.3312,104.7356,0.7868,358.0315,27.2571,1.5128,0.7980,0.0852
4,100,206.0266,97.9661,1.3594,355.8028,27.6327,1.4992,0.7982,0.0951
5,100,182.4597,103.8087,16.8110,358.6553,27.5550,1.3849,0.8026,0.0825
6,100,171.4576,103.1977,5.7763,359.7416,27.5086,1.3719,0.8223,0.0898
7,100,181.3743,108.1521,1.6197,359.1122,27.4442,1.4293,0.7781,0.0856
8,100,164.9972,99.0456,6.5914,359.1589,27.4390,1.4420,0.8086,0.0918
9,100,171.0118,106.7820,2.1362,357.5281,27.2972,1.4398,0.8160,0.0855
